<?xml version="1.0" encoding="UTF-8"?>
<metadata xml:lang="en"><Esri><CreaDate>20201206</CreaDate><CreaTime>16083800</CreaTime><ArcGISFormat>1.0</ArcGISFormat><SyncOnce>TRUE</SyncOnce><DataProperties><lineage><Process ToolSource="c:\program files\arcgis\pro\Resources\ArcToolbox\toolboxes\Conversion Tools.tbx\FeatureClassToFeatureClass" Date="20201206" Time="160838">FeatureClassToFeatureClass clusterCC "C:\Users\Dell\Desktop\cluster akakiko" "cluster 10.shp" # "SOURCE_ID "Source ID" true true false 4 Long 0 0,First,#,clusterCC,clusterCC.SOURCE_ID,-1,-1;CLUSTER_ID "Cluster ID" true true false 4 Long 0 0,First,#,clusterCC,clusterCC.CLUSTER_ID,-1,-1;COLOR_ID "Color ID" true true false 4 Long 0 0,First,#,clusterCC,clusterCC.COLOR_ID,-1,-1;OBJECTID "OBJECTID" false true false 4 Long 0 9,First,#,clusterCC,clusterCC_SpatialJoin.OBJECTID,-1,-1;Join_Count "Join_Count" true true false 4 Long 0 0,First,#,clusterCC,clusterCC_SpatialJoin.Join_Count,-1,-1;TARGET_FID "TARGET_FID" true true false 4 Long 0 0,First,#,clusterCC,clusterCC_SpatialJoin.TARGET_FID,-1,-1;SOURCE_ID_1 "Source ID" true true false 4 Long 0 0,First,#,clusterCC,clusterCC_SpatialJoin.SOURCE_ID,-1,-1;CLUSTER_ID_1 "Cluster ID" true true false 4 Long 0 0,First,#,clusterCC,clusterCC_SpatialJoin.CLUSTER_ID,-1,-1;COLOR_ID_1 "Color ID" true true false 4 Long 0 0,First,#,clusterCC,clusterCC_SpatialJoin.COLOR_ID,-1,-1;Venue "Venue" true true false 8000 Text 0 0,First,#,clusterCC,clusterCC_SpatialJoin.Venue,0,8000;Location "Location" true true false 8000 Text 0 0,First,#,clusterCC,clusterCC_SpatialJoin.Location,0,8000;Location_comb "Location_comb" true true false 8000 Text 0 0,First,#,clusterCC,clusterCC_SpatialJoin.Location_comb,0,8000;address "address" true true false 8000 Text 0 0,First,#,clusterCC,clusterCC_SpatialJoin.address,0,8000;point "point" true true false 8000 Text 0 0,First,#,clusterCC,clusterCC_SpatialJoin.point,0,8000;latitude "latitude" true true false 8 Double 0 0,First,#,clusterCC,clusterCC_SpatialJoin.latitude,-1,-1;longitude "longitude" true true false 8 Double 0 0,First,#,clusterCC,clusterCC_SpatialJoin.longitude,-1,-1;altitude "altitude" true true false 4 Long 0 0,First,#,clusterCC,clusterCC_SpatialJoin.altitude,-1,-1" #</Process></lineage></DataProperties></Esri></metadata>
