<?xml version="1.0" encoding="UTF-8"?>
<metadata xml:lang="en"><Esri><CreaDate>20201206</CreaDate><CreaTime>16372000</CreaTime><ArcGISFormat>1.0</ArcGISFormat><SyncOnce>TRUE</SyncOnce><DataProperties><lineage><Process ToolSource="c:\program files\arcgis\pro\Resources\ArcToolbox\toolboxes\Conversion Tools.tbx\FeatureClassToFeatureClass" Date="20201206" Time="163720">FeatureClassToFeatureClass cluster "C:\Users\Dell\Desktop\cluster akakiko" "outlier 4.shp" # "SOURCE_ID "Source ID" true true false 4 Long 0 0,First,#,cluster,cluster.SOURCE_ID,-1,-1;CLUSTER_ID "Cluster ID" true true false 4 Long 0 0,First,#,cluster,cluster.CLUSTER_ID,-1,-1;COLOR_ID "Color ID" true true false 4 Long 0 0,First,#,cluster,cluster.COLOR_ID,-1,-1;OBJECTID "OBJECTID" false true false 4 Long 0 9,First,#,cluster,venue.OBJECTID,-1,-1;Venue "Venue" true true false 8000 Text 0 0,First,#,cluster,venue.Venue,0,8000;Location "Location" true true false 8000 Text 0 0,First,#,cluster,venue.Location,0,8000;Location_comb "Location_comb" true true false 8000 Text 0 0,First,#,cluster,venue.Location_comb,0,8000;address "address" true true false 8000 Text 0 0,First,#,cluster,venue.address,0,8000;point "point" true true false 8000 Text 0 0,First,#,cluster,venue.point,0,8000;latitude "latitude" true true false 8 Double 0 0,First,#,cluster,venue.latitude,-1,-1;longitude "longitude" true true false 8 Double 0 0,First,#,cluster,venue.longitude,-1,-1;altitude "altitude" true true false 4 Long 0 0,First,#,cluster,venue.altitude,-1,-1" #</Process></lineage></DataProperties></Esri></metadata>
